id,publisher,title,url,title_source,accessed,note
R1,aosc.io,下载中心 | 安同开源社区 (AOSC),https://aosc.io/downloads/,page,2026-08-30,
R2,bianbu.spacemit.com,SpacemiT,https://bianbu.spacemit.com/,page,2026-08-30,
R3,catalog.redhat.com,Red Hat Universal Base Image - Red Hat Ecosystem Catalog,https://catalog.redhat.com/software/base-images,page,2026-08-30,
R4,cdimage.deepin.com,Index of /releases/,https://cdimage.deepin.com/releases/,page,2026-08-30,
R5,cdimage.ubuntu.com,Index of /ubuntukylin/releases,https://cdimage.ubuntu.com/ubuntukylin/releases/,page,2026-08-30,
R6,cdimage.ubuntu.com,Ubuntu Kylin 26.04.1 LTS (Resolute Raccoon),https://cdimage.ubuntu.com/ubuntukylin/releases/26.04.1/release/,page,2026-08-30,
R7,cr.kylinos.cn,(JSON API 响应),https://cr.kylinos.cn/api/v2.0/projects,page,2026-08-30,
R8,cr.kylinos.cn,(JSON API 响应),https://cr.kylinos.cn/api/v2.0/projects/kylin/repositories,page,2026-08-30,
R9,cr.loongnix.cn,(JSON API 响应),https://cr.loongnix.cn/api/v1/repository/loongson/loongnix?includeTags=true,page,2026-08-30,
R10,cs2c.com.cn,公司新闻·天津麒麟、中标软件整合实质完成 中国操作系统新旗舰扬帆起航！ - 国产操作系统、银河麒麟、中标麒麟--中标软件官网,https://cs2c.com.cn/about/company/1349.html,page,2026-08-30,
R11,docs.opencloudos.org,OpenCloudOS v9.6发行说明 - OpenCloudOS Documentation,https://docs.opencloudos.org/release/v9.6/,page,2026-08-30,
R12,docs.opencloudos.org,桌面安装 - OpenCloudOS Documentation,https://docs.opencloudos.org/OCS/Install_Guide/ocs-desktop/,page,2026-08-30,
R13,docs.openeuler.org,图形桌面使用 | 文档 | openEuler社区,https://docs.openeuler.org/zh/docs/24.03_LTS_SP4/tools/desktop/index.html,page,2026-08-30,
R14,faq.uniontech.com,统信操作系统【家庭版、专业版、教育版、社区版】区别介绍 | 统信软件-知识分享平台,https://faq.uniontech.com/desktop/f435/install/da34,page,2026-08-30,
R15,fydeos.com,FydeOS v23: Chromatic Cadence 正式发布 - FydeOS,https://fydeos.com/blog/release-note-v23/,page,2026-08-30,
R16,gitee.com,openKylin 官方容器镜像构建仓（Gitee openkylin 组织）,https://gitee.com/openkylin/openkylin-docker-images,manual,2026-08-30,标题为人工标注（该页未返回 <title>）
R17,gitee.com,openEuler 官方容器镜像目录仓（Gitee openeuler 组织）,https://gitee.com/openeuler/openeuler-docker-images,manual,2026-08-30,标题为人工标注（该页未返回 <title>）
R18,gitee.com,Anolis OS 官方容器镜像仓（Gitee anolis 组织）,https://gitee.com/anolis/docker-images,manual,2026-08-30,标题为人工标注（该页未返回 <title>）
R19,gitee.com,OpenCloudOS 超凡桌面: 超凡桌面（简称EX-NDE）是一个超融合轻量级桌面环境，让系统具备拥有桌面、服务器、平板三种交互模式，能够在更低配置的智能终端、平板、一体机、PC、工作站、服务器等不同的设备场景中流畅运行，减少系统的碎片化。,https://gitee.com/opencloudos-exnde,page,2026-08-30,
R20,github.com,GitHub - AOSC-Dev/aosc-os-docker-files: Docker files for AOSC OS · GitHub,https://github.com/AOSC-Dev/aosc-os-docker-files,page,2026-08-30,
R21,github.com,openFyde repositories · GitHub,https://github.com/orgs/openFyde/repositories,page,2026-08-30,
R22,github.com,"GitHub - IceWhaleTech/ZimaOS: A Simplified, Focused and Open NAS OS_ · GitHub",https://github.com/IceWhaleTech/ZimaOS,page,2026-08-30,
R23,github.com,EvernightFedora (怪力熊玩Fedora) · GitHub,https://github.com/EvernightFedora,page,2026-08-30,
R24,github.com,Aromatic05 (Yiming Sun) · GitHub,https://github.com/Aromatic05,page,2026-08-30,
R25,github.com,GitHub - Wtada233/LankeOS: The public repo of LankeOS. · GitHub,https://github.com/Wtada233/LankeOS,page,2026-08-30,
R26,github.com,GitHub - hansbug-research/cn-desktop-os-buildchain-study: 国产桌面操作系统的 ABI 分档与构建链路选型：27 镜像实测、820 格运行矩阵、C/C++/Rust/Python 四链逐个验证，全部证据可审计 · GitHub,https://github.com/hansbug-research/cn-desktop-os-buildchain-study,page,2026-08-30,
R27,github.com,GitHub - canonical/chisel · GitHub,https://github.com/canonical/chisel,page,2026-08-30,
R28,github.com,GitHub - chainguard-dev/apko: Build OCI images from APK packages directly without Dockerfile · GitHub,https://github.com/chainguard-dev/apko,page,2026-08-30,
R29,gitlab.mister-muffin.de,mmdebstrap 项目仓（J. Schauer）,https://gitlab.mister-muffin.de/josch/mmdebstrap,manual,2026-08-30,标题为人工标注（该页未返回 <title>）
R30,hub.docker.com,openkylin/openkylin - Docker Image,https://hub.docker.com/r/openkylin/openkylin,page,2026-08-30,
R31,hub.docker.com,linuxdeepin/deepin - Docker Image,https://hub.docker.com/r/linuxdeepin/deepin,page,2026-08-30,
R32,hub.docker.com,openeuler/openeuler - Docker Image,https://hub.docker.com/r/openeuler/openeuler,page,2026-08-30,
R33,hub.docker.com,openanolis/anolisos - Docker Image,https://hub.docker.com/r/openanolis/anolisos,page,2026-08-30,
R34,hub.docker.com,OpenCloudOS,https://hub.docker.com/u/opencloudos,page,2026-08-30,
R35,hub.docker.com,aosc/aosc-os - Docker Image,https://hub.docker.com/r/aosc/aosc-os,page,2026-08-30,
R36,hub.docker.com,(JSON API 响应),https://hub.docker.com/v2/orgs/cs2cneokylin/,page,2026-08-30,
R37,hub.docker.com,cs2cneokylin/ns76-base-x86_64 - Docker Image,https://hub.docker.com/r/cs2cneokylin/ns76-base-x86_64,page,2026-08-30,
R38,hub.docker.com,debian - Official Image | Docker Hub,https://hub.docker.com/_/debian,page,2026-08-30,
R39,mirror.iscas.ac.cn,Index of /revyos/,https://mirror.iscas.ac.cn/revyos/,page,2026-08-30,
R40,mirror.nju.edu.cn,openKylin apt 仓库 dists 目录（南京大学镜像站，用于核对代号与血统）,https://mirror.nju.edu.cn/openkylin/dists/,manual,2026-08-30,标题为人工标注（该页未返回 <title>）
R41,mirrors.openanolis.cn,Index of /anolis/23.5/isos/GA/x86_64/,https://mirrors.openanolis.cn/anolis/23.5/isos/GA/x86_64/,page,2026-08-30,
R42,mirrors.openanolis.cn,Index of /anolis/23.5/DDE/,https://mirrors.openanolis.cn/anolis/23.5/DDE/,page,2026-08-30,
R43,mirrors.opencloudos.tech,Index of /opencloudos/9.6/isos/x86_64/20260713.0/,https://mirrors.opencloudos.tech/opencloudos/9.6/isos/x86_64/20260713.0/,page,2026-08-30,
R44,openanolis.cn,Anolis OS 23 · 内核 6.6 LTS · OpenAnolis,https://openanolis.cn/anolisos/23,page,2026-08-30,
R45,openfyde.io,openFyde,https://openfyde.io/,page,2026-08-30,
R46,registry.uniontech.com,(JSON API 响应),https://registry.uniontech.com/api/v2.0/projects,page,2026-08-30,
R47,registry.uniontech.com,(JSON API 响应),https://registry.uniontech.com/api/v2.0/projects/uos-server-base/repositories,page,2026-08-30,
R48,repo.openeuler.org,openEuler 24.03 LTS SP3 DevStation 容器 rootfs 目录（官方 repo）,https://repo.openeuler.org/openEuler-24.03-LTS-SP3/DevStation/x86_64/docker_img/,manual,2026-08-30,标题为人工标注（该页未返回 <title>）
R49,repo.openeuler.org,openEuler 24.03 LTS SP4 ISO 目录（官方 repo，用于核对无桌面版 ISO）,https://repo.openeuler.org/openEuler-24.03-LTS-SP4/ISO/x86_64/,manual,2026-08-30,标题为人工标注（该页未返回 <title>）
R50,repos.os.nfschina.com,Welcome to Repo Server,https://repos.os.nfschina.com/debian-sign/pool/main/m/mate-desktop-environment/,page,2026-08-30,
R51,revyos.github.io,Site not found &middot; GitHub Pages,https://revyos.github.io/,page,2026-08-30,
R52,sourceforge.net,OsoLinux 项目页（SourceForge）,https://sourceforge.net/projects/osolinux/,manual,2026-08-30,标题为人工标注（该页未返回 <title>）
R53,uniontech.com,智慧·高效·可靠——统信桌面操作系统V25发布！-统信软件,https://uniontech.com/m/news-info/2877.html,page,2026-08-30,
R54,web.archive.org,通用基础软件产品-普华基础软件,http://web.archive.org/web/20260608023757/https://www.i-soft.com.cn/product/currency.html,page,2026-08-30,
R55,web.archive.org,Test Page for the Nginx HTTP Server on Red Hat Enterprise Linux,http://web.archive.org/web/20230401004048/http://emindsoft.com.cn/,page,2026-08-30,
R56,www.atzlinux.com,铜豌豆 Linux,https://www.atzlinux.com/,page,2026-08-30,
R57,www.deepin.org,deepin 25.2.0 Release Note &#8211; Deepin Technology Community,https://www.deepin.org/en/deepin-25-2-release/,page,2026-08-30,
R58,www.emindsoft.com.cn,一铭软件官网首页,http://www.emindsoft.com.cn/index.php,manual,2026-08-30,标题为人工标注（该页未返回 <title>）
R59,www.gd-linux.com,中兴新支点操作系统下载_中兴操作系统下载_NewStartOS下载_国产操作系统下载_新支点OS下载,https://www.gd-linux.com/downloads,page,2026-08-30,
R60,www.gd-linux.com,中兴新支点操作系统官网_NewStartOS_国产操作系统_新支点OS_信创操作系统,https://www.gd-linux.com/desktop/,page,2026-08-30,
R61,www.i-soft.com.cn,普华基础软件 · 普华桌面操作系统 V4.0 产品详情页,https://www.i-soft.com.cn/detail/59.html,manual,2026-08-30,标题为人工标注（该页未返回 <title>）
R62,www.i-soft.com.cn,普华基础软件 · 通用产品页,https://www.i-soft.com.cn/product/currency.html,manual,2026-08-30,标题为人工标注（该页未返回 <title>）
R63,www.itsec.gov.cn,安全可靠测评结果公告（2023年第1号）,https://www.itsec.gov.cn/aqkkcp/cpgg/202312/t20231226_162074.html,page,2026-08-30,
R64,www.kylinos.cn,银河麒麟桌面操作系统V11 -麒麟软件-国产操作系统,https://www.kylinos.cn/productPc/desktop/desktopMainV11/,page,2026-08-30,
R65,www.kylinos.cn,银河麒麟桌面操作系统V10-麒麟软件-国产操作系统,https://www.kylinos.cn/productPc/desktop/desktopMain/,page,2026-08-30,
R66,www.kylinsec.com.cn,高效实时！麒麟信安操作系统（嵌入式版）V3来了，为工业领域数智化转型夯实安全底座--麒麟信安,https://www.kylinsec.com.cn/detail/13151/1.html,page,2026-08-30,
R67,www.linx-info.com,Index of /download/document/6.0.80,https://www.linx-info.com/download/document/6.0.80/,page,2026-08-30,
R68,www.linx-info.com,Index of /download/security,https://www.linx-info.com/download/security/,page,2026-08-30,
R69,www.loongnix.cn,Loongnix 龙芯开源社区官网,https://www.loongnix.cn/,manual,2026-08-30,标题为人工标注（该页未返回 <title>）
R70,www.nfschina.com,中科方德 国产桌面操作系统 国产服务器操作系统 云计算,https://www.nfschina.com/,page,2026-08-30,
R71,www.openeuler.org,openEuler下载 | openEuler ISO镜像 | openEuler社区官网,https://www.openeuler.org/zh/download/,page,2026-08-30,
R72,www.openeuler.org,openEuler商业发行版 | openEuler下载 | openEuler社区官网,https://www.openeuler.org/zh/download/commercial-release/,page,2026-08-30,
R73,www.openkylin.top,"Kernel Leap, AI-Native - openKylin 3.0 Officially Released-openKylin 开放麒麟社区官网 | 开源聚力，共创未来",https://www.openkylin.top/news/4099-en.html,page,2026-08-30,
R74,www.openkylin.top,openKylin镜像仓列表-openKylin - 开放麒麟 - 社区官网 | 开源聚力，共创未来,https://www.openkylin.top/support/docker_images.html,page,2026-08-30,
R75,www.secrss.com,东方中科拟收购国产操作系统厂商万里红 - 安全内参 | 决策者的网络安全知识库,https://www.secrss.com/articles/23492,page,2026-08-30,
R76,www.stdaily.com,首个商用6.6内核中国操作系统银河麒麟V11发布,https://www.stdaily.com/web/gdxw/2025-08/26/content_390577.html,page,2026-08-30,
R77,www.superred.com.cn,北京万里红科技官网（用于核对产品列表已无操作系统条目）,https://www.superred.com.cn/,manual,2026-08-30,标题为人工标注（该页未返回 <title>）
R78,www.ubuntukylin.com,优麒麟,https://www.ubuntukylin.com/downloads/,page,2026-08-30,
R79,www.ubuntukylin.com,优麒麟 26.04 版本正式发布！-优麒麟｜Linux 开源操作系统,https://www.ubuntukylin.com/news/ubuntukylin2604-cn.html,page,2026-08-30,
R80,www.uniontech.com,统信容器镜像平台-统信软件,https://www.uniontech.com/os-containerImage.html,page,2026-08-30,
R81,zh.wikipedia.org,中标麒麟 - 维基百科，自由的百科全书,https://zh.wikipedia.org/zh-hans/中标麒麟,page,2026-08-30,
R82,docs.revyos.dev,RevyOS 官方文档站,https://docs.revyos.dev/,manual,2026-08-30,标题为人工标注（该页未返回 <title>）
R83,www.gd-linux.com,关于我们_中兴新支点公司介绍_中兴新支点联系方式_新支点操作系统-NewStartOS,https://www.gd-linux.com/about,page,2026-08-30,
R84,uniontech.com,产品动态-统信软件,https://uniontech.com/m/Product-release.html,page,2026-08-31,
R85,www.openkylin.top,openKylin开源操作系统（下载页）,https://www.openkylin.top/downloads/,page,2026-08-31,
R86,archive.spacemit.com,Index of /image/k1/version,https://archive.spacemit.com/image/k1/version/,page,2026-08-31,
R87,www.kylinos.cn,试用申请下载-麒麟软件-国产操作系统,https://www.kylinos.cn/support/trial/,page,2026-08-31,
R88,iso.kylinos.cn,共享文件下载 - Kylin Distro（银河麒麟镜像下载中间页，含文件名/大小/SHA256/SM3）,https://iso.kylinos.cn/web_pungi/download/cdn/5Kmv3q98GLtFdMQSDTOe6wr4ZcnpXVCb/,page,2026-08-31,
R89,cdimage-download.chinauos.com,统信桌面专业版 V25 ISO（本项目切片路径的 ISO_URL，匿名可下）,https://cdimage-download.chinauos.com/desktop-professional/2500u1/beta/uos-desktop-25-professional-2500-amd64-202604.iso,manual,2026-08-31,标题为人工标注（该 URL 是二进制文件，无 <title>）
R90,www.kylinos.cn,行业解决方案-麒麟软件-国产操作系统,https://www.kylinos.cn/product/solution/scene/solutionIndustry/index.html,page,2026-08-31,
R91,www.itsec.gov.cn,安全可靠测评结果公告（2025年第3号）,https://www.itsec.gov.cn/aqkkcp/cpgg/202509/t20250912_235645.html,page,2026-08-31,
R92,www.itsec.gov.cn,安全可靠测评结果公告（2026年第1号）,https://www.itsec.gov.cn/aqkkcp/cpgg/202601/t20260116_249958.html,page,2026-08-31,
R93,www.itsec.gov.cn,安全可靠测评结果公告（2024年第1号）,https://www.itsec.gov.cn/aqkkcp/cpgg/202405/t20240520_172866.html,page,2026-08-31,
R94,www.itsec.gov.cn,安全可靠测评结果公告（2025年第1号）,https://www.itsec.gov.cn/aqkkcp/cpgg/202503/t20250314_216512.html,page,2026-08-31,
R95,gks.mof.gov.cn,关于印发《操作系统政府采购需求标准（2023年版）》的通知,https://gks.mof.gov.cn/guizhangzhidu/202312/t20231226_3924123.htm,page,2026-08-31,
R96,www.mof.gov.cn,关于印发《台式计算机政府采购需求标准（2023年版）》的通知,https://www.mof.gov.cn/jrttts/202312/t20231226_3924133.htm,page,2026-08-31,
R97,cs2c.com.cn,中标麒麟桌面操作系统 - 国产操作系统、银河麒麟、中标麒麟--中标软件官网,https://cs2c.com.cn/scheme/product/9.html,page,2026-08-31,
R98,www.uniontech.com,统信桌面操作系统 V25 专业版,https://www.uniontech.com/OS-Professional-edition-V25.html,page,2026-08-31,
R99,www.nfschina.com,中科方德 国产桌面操作系统 国产服务器操作系统 云计算,https://www.nfschina.com/index.php?id=65,page,2026-08-31,
R100,www.secrss.com,企业调研：国产操作系统厂商普华软件 - 安全内参 | 决策者的网络安全知识库,https://www.secrss.com/articles/11535,page,2026-08-31,
R101,www.linx-info.com,北京凝思软件股份有限公司,https://www.linx-info.com/,page,2026-08-31,
R102,www.gd-linux.com,中兴新支点操作系统官网_NewStartOS_国产操作系统_新支点OS_信创操作系统,https://www.gd-linux.com/,page,2026-08-31,
R103,fydeos.com,下载 - FydeOS,https://fydeos.com/download/,page,2026-08-31,
R104,www.kylinsec.com.cn,麒麟信安操作系统桌面版--麒麟信安,https://www.kylinsec.com.cn/detail/1413/1.html,page,2026-08-31,
R105,developer.huaweicloud.com,EulerOS_华为云,https://developer.huaweicloud.com/euleros/index.html,page,2026-08-31,
R106,www.openeuler.org,openEuler解决方案 | 用户案例 | openEuler社区官网,https://www.openeuler.org/zh/showcase/index.html,page,2026-08-31,
R107,www.openkylin.top,社区-openKylin - 开放麒麟 - 社区官网 | 开源聚力，共创未来,https://www.openkylin.top/community/openkylin-cn.html,page,2026-08-31,
R108,www.deepin.org,deepin - 基于Linux的开源国产操作系统,https://www.deepin.org/index/zh,page,2026-08-31,
R109,ubuntukylin.com,优麒麟官网,https://ubuntukylin.com/,manual,2026-08-31,标题为人工标注（该页未返回可用 <title>）
R110,openanolis.cn,Anolis OS · OpenAnolis,https://openanolis.cn/anolisos,page,2026-08-31,
R111,docs.opencloudos.org,OpenCloudOS 版本介绍 - OpenCloudOS Documentation,https://docs.opencloudos.org/release/oc_intro/,page,2026-08-31,
R112,aosc.io,安同 OS 适合我吗？ | 安同开源社区 (AOSC),https://aosc.io/aosc-os/right-for-me,page,2026-08-31,
R113,www.loongnix.cn,龙芯开源社区,https://www.loongnix.cn/zh/,page,2026-08-31,
R114,docs.revyos.dev,RevyOS,https://docs.revyos.dev/docs/intro/,page,2026-08-31,
R115,ruyisdk.org,RuyiSDK · 为 100 万 RISC-V 软件开发人员做好准备 | RuyiSDK,https://ruyisdk.org/,page,2026-08-31,
R116,repo.huaweicloud.com,"华为镜像站 EulerOS 目录（各版本只有 os/{x86_64,aarch64} 的 RPM 仓库，iso/ 与 ISO/ 实测 404）",https://repo.huaweicloud.com/euler/,manual,2026-08-31,标题为人工标注（该 URL 为目录页/API 端点，无 <title>）
R117,support.huawei.com,华为企业支持 软件下载端点（对任意 nid 返回 Uniportal 统一认证跳转头）,https://support.huawei.com/dl/download.do?nid=1,manual,2026-08-31,标题为人工标注（该 URL 为目录页/API 端点，无 <title>）
